Berte,Longbothom
Nataline,Ingram
Sibel,Atty
Dorie,Poller
Nancy,Leuren
Albertina,Raccio
Edythe,Paye
Nealson,Jaycock
Northrop,Tatem
Merlina,Serrier
Dmitri,Halladey
Rogers,Cloney
Cosetta,Linkie
Letta,Ropert
Rici,Gitting
Tabitha,Cromer
Gard,Eastbury
Robbi,Seekings
Lorne,Gehrels
Jill,Bischof
Lizzie,Rewan
Robinia,Sargeant
Diahann,Toynbee
Lani,Inglish
Nikolaos,McFadden
Lianna,Hamon
Cam,Dulake
Molli,Hymor
Lory,Hussell
Korey,Shard
Tobiah,MacChaell
Alejandrina,Tolson
Claudina,Cuesta
Mar,Keith
Virginie,Hachard
Adriaens,Strowlger
De,Brushfield
Ettie,Breheny
Bambie,Carvill
Norbie,Cambridge
Fielding,Dingwall
Gardener,Vedekhov
Zilvia,Starie
Lukas,Goade
Kippie,Clackson
Engracia,Seamark
Tomasina,Iwanczyk
Giles,Noor
Aubine,Astin
Goldy,Slimmon
Cletus,Duncan
Rudie,Lighton
Sim,Allcroft
Imelda,Jessen
Selinda,Pletts
Tori,Musk
Dill,Finlayson
Jacky,Keers
Terrijo,Kacheller
Godart,Featherby
Bessy,Embury
Gilbert,Gooderick
Alika,Francklin
Gareth,Szymczyk
Teirtza,Luckes
Jolynn,MacManus
Bride,Streather
Dell,Dennis
Raynard,Simony
Brita,Sherston
Dwayne,Cardello
Clarabelle,Baskett
Emili,Yeudall
Olenka,Hitscher
Merry,Saffran
Kania,Eburne
Ingemar,Beevors
Mario,Kelshaw
Jonie,Lofty
Rice,Caren
Adore,Aubury
Hertha,Salvador
Jeramie,Feron
Mona,Greenroa
Granny,Monshall
Rochella,Haggart
Bunnie,Mangeot
Norine,Dudman
Rooney,Yarnley
Angie,Oneill
Mariquilla,Mathwen
Raffarty,Bohlje
Hannie,Issac
Grata,Bestall
Isabel,Cliff
Alistair,Mizzen
Crystal,Connachan
Bliss,Kencott
Adela,Arnall
Fleur,Varty
Willa,Boater
Raven,Knevet
Ceciley,Dendle
Moina,Pettyfar
Anabal,Clelland
Everard,Birchall
Archibold,Snowden
Keir,Bogeys
Reiko,Vlasyev
Othella,Audiss
Costa,Inglis
Saidee,Yarnley
Fanchon,Blanque
Jose,Tidbold
Yehudi,Packer
Leda,Kingham
Willem,Deaton
Leroi,Doghartie
Peterus,Duhig
Marve,Vernazza
Tanney,Paradis
Cal,Lurner
Adena,Pearton
Karlik,Reimer
Bank,McDonnell
Giacopo,Bastow
Marven,Clelland
Ingelbert,Spinelli
Abie,Steenson
Nestor,Roan
Sianna,Glasgow
Collie,Seamons
Alvy,Kynvin
Carly,Clay
Aldridge,MacKessock
Ned,Lukehurst
Adelbert,Yanson
Alexandro,Pindar
Melita,Garoghan
Rozanna,Harlowe
Carlie,Sulland
Mariska,Bartolomucci
Dilan,Jonin
Layne,Saice
Bartholomew,Siburn
Aviva,Bazire
Sherry,Casterton
Kay,Stanbro
Vikky,Candlish
Curtice,Attride
Alonso,Fassbender
Sile,Oldrey
Tibold,Jupp
Dall,Gregh
Lisle,Chipps
Kimball,Coppins
Ethelind,Baynes
Carley,Coughtrey
Ailis,Print
Corbet,Fincham
Charlotte,Adelman
Barnie,Thombleson
Dom,Jacobssen
Raphaela,Lafflina
Ralph,Cudby
Willard,Legging
Lorain,Saddleton
Ashlen,McCallam
Rees,Akrigg
Sonnie,Mulvey
Rebekkah,Cottell
Leon,Merring
Hernando,Walpole
Darda,Joslyn
Kevan,Radloff
Lemuel,Challenor
Otes,Randle
Robb,Grouer
Theodora,Stallybrass
Scarface,Ortmann
Vere,Rome
Sarita,Kattenhorn
Lefty,Hallgalley
Rosalinde,Voller
Gary,Wardall
Selma,Halesworth
Lissy,Forrington
Benn,O'Kerin
Averil,Cattemull
Martina,Thorsby
Lissie,Cobleigh
Rainer,Riquet
Sissie,Mannin
Giselle,McKim
Raimundo,Bucke
Ludovico,Hatrick
Danyelle,Mace
Lucita,Fickling
Audra,Bauckham
Bonnie,Sammon
Peter,O'Gormally
Barty,Braiden
Jarrett,Rubrow
Elladine,Juschke
Tab,Flagg
Ingrim,Blackstock
Zonda,Haws
Natalina,Essery
Anni,Eaglestone
Carin,Whittle
Dmitri,Fackney
Agnese,McKleod
Charity,Springtorpe
Lura,Celli
Darya,Kaminski
Nickola,Bannard
Raimundo,Kemish
Ashely,Hallbird
Husein,Bedwell
Jecho,Benbow
Katharyn,Colyer
Joelynn,Lamberts
Othilie,Bezants
Pail,Oxtarby
Roger,Elldred
Hector,Bartoszek
Lea,Wank
Neala,Hayman
Stanton,St Leger
Ban,Piechnik
Josias,Beiderbeck
Lindsay,Hairs
Salomi,Vayro
Phelia,Burbidge
Bathsheba,Tulip
Garald,Easun
Tris,Redmell
Perren,Stockhill
Welbie,Siggin
Cymbre,Neles
Eziechiele,Genny
Terrel,Finlator
Josee,Silverson
Lynette,Jeffrey
Tedie,Weepers
Janifer,Burgher
Larry,Breckon
Mala,Mabley
Ellie,Kirke
Lesly,Ciepluch
Alverta,Dowker
Aloisia,Adamski
Sacha,Porch
Karlen,Feldheim
Bernie,Hitter
Rafi,Elsworth
Angele,Dog
Ade,Yanshinov
Johna,McAlester
Gothart,Downton
Myer,Pirdy
Annissa,Davidovitch
Jacquelyn,Narup
Hobard,Caron
Sophi,Basant
Jermaine,Cullington
Ruthann,Lepope
Ezequiel,Laise
Cyrus,Fenty
James,Holdall
Lilyan,Povele
Vevay,Dearing
Amara,Janousek
Meghann,Alexander
Ty,Fitzmaurice
Benedicta,McReath
Judd,Craigheid
Amalie,Gummie
Alexandre,Rayburn
Leticia,Form
Kaiser,Imrie
Vale,Halton
Carney,Maffini
Benny,Vose
Ciro,Bollom
Jessalyn,Paris
Ignacius,Loude
Hinda,Gregson
Hilde,Kenzie
Lavinie,Frigout
Fernanda,Larmour
Rudy,Scrivinor
Tanya,Thamelt
Rudd,Gladebeck
Urbanus,Dye
Jacky,Robeson
Marcelo,Small
Grant,Varns
Simona,Langmead
Phyllis,Blaschke
Amabelle,Maestro
Andrey,Gresswell
Charissa,Gouldstone
Susanne,Natalie
Batsheva,Trippick
Phylis,Martensen
Jamil,Pucker
Rollo,Delaney
Rutherford,Kerbler
Nathalie,Keen
Birch,Pratley
Martin,Overil
Bev,Genty
Algernon,Bonellie
Tildy,de Guise
Hillie,Beamson
Eal,Sebrook
Darcy,Ivantyev
Tova,Benley
Elsa,Gawler
Maxine,Shearmer
Curt,Charlewood
Katrina,Walter
Caresse,Jiricka
Dagny,Tretwell
Coral,Di Filippo
Britteny,Felgat
Ginni,Lambarth
Frederica,Simenon
Wait,Lemmens
Magda,Guslon
Doroteya,Maleham
Fancie,Rhymes
Helenelizabeth,Joynson
Jaquenette,McAlister
Vincent,Dumbrall
Fredrick,Halse
Robin,Di Maria
Jessalin,Scrooby
Fernande,Yegorkov
Tildy,Pollok
Orton,Dymock
Jock,Della Scala
Nadia,Eskriet
Theresita,Kitlee
Clarette,Garritley
Leigh,Alyoshin
Jenny,Popelay
Sinclare,Bendle
Roze,Hallybone
Britteny,Curness
Rayner,Groocock
Saunders,Easman
Whitman,Mendus
Link,Shalcros
Philly,Mulrooney
Colman,Jorioz
Barry,Roscoe
Gabriela,Issacoff
Annmaria,Limbourne
Patton,Penni
Niki,Fitchet
Davey,Holme
Kendal,MacCartair
Carol,Cromarty
Paddy,Hasley
Moselle,Damato
Evelin,Stivey
Ariadne,Iacovo
Finn,Hobson
Ferdinanda,Jago
Demeter,Heathorn
Hazel,Libermore
Sal,Colvill
Beauregard,Girod
Gaynor,Bixley
Joella,Derr
Ysabel,Lardnar
Seana,Goalley
Stephana,Gregoretti
Alicea,Abrahami
Joe,Vanacci
Yancy,Petrillo
Rafferty,Rippingall
Jakob,Rivitt
Joete,Vankov
Johnathan,Avrahm
Betti,Curreen
Gris,Viste
Lucho,Halwill
Katya,Caulder
Nowell,Merrell
Veriee,Wycliffe
Nonnah,Kinker
Sol,Yve
Kyle,Cornehl
Berry,L' Anglois
Jacklyn,Whitelock
Tome,Riddler
Gerardo,Agronski
Dyanna,Tamburi
Brig,Dumsday
Toby,Lapish
Lyell,Morrieson
Sholom,Shearsby
Nola,Bowland
Charles,Conneely
Faustine,Barthropp
Tobit,Mccaull
Fergus,Stoop
Lay,Adamiec
Glennie,Chaster
Jenni,Signore
Reine,Fransman
Mozes,Connue
Newton,Lamcken
Gustaf,Pinkard
Marielle,MacAleese
Blinni,Campling
Brina,Widdecombe
Darius,Faers
Penny,Brownsill
Minni,Humbell
Bria,Hamments
Mohammed,Milksop
Sibbie,Grandison
Barbi,Gutowska
Verne,Brosi
Ezekiel,Mullinder
Magnum,Meads
Bethanne,Gillyatt
Cammi,Izakoff
Nadia,Royall
Remus,Orange
Dewitt,Maggs
Ashien,Josipovitz
Christel,Castane
Garald,Hansbury
Remington,Coom
Garrot,Joss
Damon,Elsegood
Krispin,McOnie
Danette,Hands
Bart,McClosh
Salomone,Gerrets
Sybilla,Le Brun
Barbe,Renowden
Osborne,Bielefeld
Ellery,McGeorge
Noell,Birkenhead
Cherice,Lipmann
Rodie,Mehaffey
Keary,Hearle
Ellissa,Brotheridge
Rudd,Cavalier
Tabby,Mont
Dill,Collier
Arabel,Atkirk
Kimbell,Mingotti
Henrietta,Fetherstone
Edie,Tharme
Thomasine,Reddihough
Keely,Langman
Reinhard,Scimonelli
Thibaut,Feldhammer
Leeanne,Eric
Astrix,Oldknow
Adoree,Abrahamsen
Prinz,Arrington
Waverley,Castagneri
Melonie,Dran
Jess,Burthom
Randall,McIllrick
Hanni,Pally
Clywd,Cumes
Chere,Birney
Yorgo,Ailmer
Porter,Blamphin
Berk,Kunneke
Tedmund,Stranio
Padgett,Welden
Kit,Covill
Faulkner,Goford
Norine,Lucus
Lurette,Lusty
Robinette,O'Lynn
Catie,Beament
Zachary,Hubbucke
Celine,Mation
Bryn,Gerrelt
Joannes,Pineaux
Karlotte,Ripon
Mellisent,Rothery
Bellanca,Swainsbury
Giraldo,Schultz
Adrea,Swinford
Lin,Powney
Rob,Purkins
Kerrin,Cumming
Winn,Andrioni
Nicolis,Klousner
Lezlie,Ryhorovich
Amye,Jenkins
Janna,Helix
Noella,Gonnard
Sorcha,Blaylock
Lu,Gantzman
Stearn,Hurich
Mortimer,Shovelin
Bili,Venny
Crin,Reville
Marris,Wrack
Alastair,Starton
Yance,Rawcliffe
Henrieta,Swatridge
Bron,Allworthy
Koral,Foden
Vidovic,McEttigen
Roderigo,Lie
Kizzee,Lippett
Alys,Lyste
Tam,Ruggs
Abeu,Ciobotaru
Rosanne,Ferrie
Myron,Burdass
Kaela,Piel
Tibold,Thackeray
Wit,Durston
Ted,Biffin
Libby,Janiak
Gerti,Jopp
Virgie,Yong
Mano,Sisley
Gail,O' Donohue
Hatty,Caush
Elita,Jouanny
Park,Thomasset
Lorettalorna,Brailsford
Paco,Singers
Annabelle,Terne
Sheffield,Yurenin
Grazia,Hauxley
Tristam,Danilishin
Madlin,Taggett
Korella,Infante
Bibbie,Olney
Jaclyn,Watman
Hermie,De Avenell
Vivi,McGarrie
Ileana,Bruton
Moise,Autrie
Ives,Connue
Ruben,Clive
Caroline,Ballin
Benn,Yeudall
Ozzy,Middleton
Turner,Creffeild
Alvin,McIlory
Waverly,Petrovykh
Lora,Johnikin
Lyndy,Joysey
Gerti,Taylerson
Crissie,Perview
Shirleen,McSporon
Meghan,Whittle
Corilla,Tait
Sharon,Salzburger
Luciano,Dovidaitis
Mervin,Gilders
Ellary,Human
Jaquelin,Whiteley
Karly,Rowlson
Gae,Orrill
Lorie,Freeman
Annnora,Drains
Barri,McReidy
Bartie,MacNaughton
Jory,Gerry
Rourke,Ordemann
Sid,Cruwys
Lilith,Grayland
Jeanie,Cayton
Godfrey,Assard
Bryana,Minchenton
Lucian,Tellesson
Neall,Maywood
Roselia,Adel
Emmy,Snookes
Sinclare,Buckthorpe
Yule,Wilflinger
Annissa,Romans
Maye,Voas
Dode,Tutt
Adina,Edgson
Giraldo,Spens
Ula,Storks
Eward,Biggam
Gideon,Chalfant
Ingamar,Godlee
Wyndham,Gerkens
Phillida,Arminger
Jeanie,Warner
Saxe,Cavanagh
Cloe,Van Leeuwen
Adams,Smedley
Byrann,Rumble
Myron,Twentyman
Hugh,McNulty
Rowney,Langlois
Collette,Lembrick
Erica,Golston
Jacklyn,Mallion
Prinz,Yanele
Cristiano,Geck
Javier,Ruseworth
Gage,Botly
Wendy,Attewell
Tony,Muggeridge
Grayce,Thorns
Elnar,Younge
Sydel,Glencrosche
Lexie,Radbone
Sharron,Gaishson
Myrwyn,Wonfar
Timmi,Doubrava
Dallis,Stannard
Adolphe,McGiffie
Etienne,Mussen
Gian,Bazell
Zared,Soitoux
Claudian,Hammant
Darcey,Bimson
Verine,Haws
Nonnah,Curling
Lisbeth,Wyborn
Burl,Layland
Arman,Tilling
Jeane,Pickance
Daniela,Vittel
Harrison,Rogge
Darcee,Daughtery
Bernadine,Boynes
Kameko,Caustic
Coral,McPhelim
Sapphira,Drowsfield
Linnea,Horlick
Dana,deKnevet
Ingra,Kolyagin
Lurleen,Poltone
Vaughan,Ivy
Oralee,Deppe
Marve,Naisey
Cordy,Wilfling
Othello,Brimham
Joey,Morde
Morgan,Phizakarley
Gregor,Fassan
Jared,Almack
Lorant,McMurraya
Keeley,Wontner
Velvet,Monan
Carroll,Firpi
Garvy,Vials
Breanne,Renfree
Loreen,Esbrook
Philipa,Brokenbrow
Berkly,Maron
Abrahan,Steade
Rosanna,Hatherleigh
Heidi,Jime
Zelma,Rigglesford
Lauren,Shipsey
Maurise,Britian
Gay,De Santos
Talia,Umney
Alonzo,Aspling
Keelby,Zambon
Alena,Thatcham
Kennie,Bettinson
Falkner,Bunn
Stella,Boullen
Ethelyn,Sausman
Kimmi,Scotti
Colene,Prettjohn
Anastasia,Serjeant
Waylin,Clements
Mariska,Kelmere
Padgett,Degoix
Gonzales,Nurny
Erskine,Boule
Sharron,Greenrod
Barnaby,Hodjetts
Rebeca,Cescoti
Perice,Goodings
Alice,Quelch
Gregory,MacAirt
Eduardo,Stratford
Jed,Lagen
Andriette,Haswell
Dave,Henzer
Daryl,Gowthrop
Baily,Rawcliffe
Pandora,Longlands
Amelie,Garriock
Trevor,Giacobilio
Sharona,Lippiello
Giffard,Klimowski
Andrey,Garrioch
Ario,Dedrick
Lydie,Duncklee
Luther,Lainton
Gamaliel,Adlam
Raoul,Mizen
Karin,De Mattei
Whitney,Clipston
Tamara,Ceaplen
Torey,Aves
Annabal,McAnellye
Gipsy,Roch
Laverne,Instone
Bowie,Schollar
Maddie,Branthwaite
Keenan,Dennick
Davide,Pinchback
Kristy,Achrameev
Mignon,Quemby
Florance,Pickburn
Adaline,Brendel
Teodoor,Riddall
Guido,Prodrick
Kaylil,Iskowitz
Gabriel,Elks
Erina,Trace
Evan,Mohammad
Valentino,Purveys
Had,Stillman
Eydie,Argente
Leanora,Geator
Halimeda,Akitt
Adams,Nasi
Fionna,Scorrer
Konstanze,Jori
Elyn,Gathercole
Raimundo,Geraud
Lucien,Brixey
Morgana,Sobtka
Halli,Shawcroft
Cherin,Crosetti
Edgar,Bothbie
Davis,Scandwright
Valentine,Jiruca
Klemens,Dawtry
Leshia,Bavidge
Davina,Evensden
Shirlee,Vlies
Caresa,Sexcey
Austen,Walshe
Brandie,Paz
Hale,Woolager
Mattheus,Ridsdell
Kenneth,Dalbey
Millie,Attoc
Gavrielle,Andrejevic
Julina,Jouanny
Nadiya,Fransinelli
Aile,Drayson
Ephrayim,Seman
Edy,Guillem
Russ,Canto
Halimeda,Orbon
Krystyna,Ellum
Meghan,Hardwin
Veronique,Mc Comb
Robinet,Myhill
Kaspar,Schaffler
Margaretha,Fagan
Ken,Farlow
Garner,Simco
Jean,Granleese
Natale,O'Devey
Amii,Spirritt
Xylina,Gregol
Sherline,Patis
Harriot,Raynton
Ottilie,Heelis
Gina,Stephens
Siouxie,Shillito
Jourdain,Gyenes
Candace,Chaucer
Lexine,Truswell
Waverley,Lambal
Allen,Elders
Jabez,Wedgbrow
Marge,Cunniffe
Vyky,Aartsen
Karoly,Coxhell
Darrel,Wyche
Huey,Castledine
Annelise,Blaszczynski
Allyn,Razzell
Isabel,MacChaell
Isabeau,Mussetti
Emmalyn,Minett
Mattie,Zanussii
Helen,Leeds
Merrel,Egle
Townsend,Sleightholme
Sisely,Dahmel
Tierney,Bench
Calli,Grimsdell
Carey,Arlet
Rubia,Langran
Valry,Tucknutt
Chris,Paten
Lulu,Griffiths
Anatol,Overell
Klarika,Driver
Hebert,Crompton
Yves,Petcher
Worth,Ludl
Kathi,Harmar
Syman,McKinn
Cos,Fireman
Margi,Monier
Sloan,Rulten
Ambrosi,Varren
Daffie,Felton
Jaquelyn,Betser
Karine,Gunby
Jemmy,Spight
Jo ann,Brainsby
Cicily,Phillimore
Suzanna,Minton
Randee,Gilbart
Henka,Siggin
Thomasine,Meekin
Paulette,Caizley
Bartholemy,Cogzell
Fionnula,Bover
Jaquenette,Josephy
Becka,Gartan
Curran,McCowan
Minni,Sawford
Natividad,Lowndes
Enrique,Whittingham
Shaine,Strood
Hussein,Feldharker
Rubia,De Antoni
Rhett,Bonick
Monty,Mayger
Dun,Cromblehome
Norean,Henniger
Corrinne,Chaytor
Loise,Gouth
Penny,Fairtlough
Hurley,McGilvray
Hammad,Leggin
Constantine,MacClinton
Morten,Nisbet
Marcel,Cabrara
Germain,Huband
Geralda,Ullock
Marice,Seeger
Fancy,Bales
Dana,Potebury
Chucho,Wright
Inga,Kmietsch
Aeriell,Neat
Lilyan,Makin
Osbourn,John
Klara,Sextie
Gwendolen,Deavall
Worthington,McPharlain
Giustina,Gligorijevic
Bartholemy,Willmont
Rodrigo,Dightham
Andy,Breinl
Mag,Chiommienti
Shepperd,Ravilious
Raymond,Eyree
Lissi,Bowdery
Benyamin,Rains
Johnnie,Wyllcocks
Felicio,Beckey
Annora,Juliano
Lillian,Chaudrelle
Dory,Oxenford
Oliver,Van der Mark
Pincus,Letford
Stanislaus,Bright
Pablo,Raison
Freddy,Boissier
Moira,McClifferty
Eloisa,Mains
Malvina,Osgorby
Moreen,Kingaby
Avrom,Prendergrass
Clari,Preon
Betty,Fells
Doralynne,Fleay
Sharai,Morison
Cortie,Oolahan
Tammi,Hamilton
Richardo,Wilber
Lorie,Redsell
Brynn,Enion
Sherman,Delmonti
Caryl,Ubee
Conni,Strettle
Petra,Andrusyak
Della,Stollard
Scott,Dallosso
Eliza,Scalera
Farr,Birtle
Riley,Pasek
Leann,Darey
Trixie,Attride
Damien,Ninnotti
Rodger,Baudone
Hardy,Bote
Skippy,Aylwin
Hazlett,Gosnay
Ernestus,Atkins
Larine,Bellenie
Jamaal,Meynell
Kaja,Baybutt
Bidget,Seward
Lorena,Gaylor
Justin,Tellenbrook
Malachi,Webb
Sara-ann,Gallienne
Inessa,Bewshire
Bobette,Zoppie
Berny,Kilmister
Lisa,Maddams
Moises,Ensley
Bobbye,Wolfe
Grete,Dietz
Bradley,Nann
Vlad,Tugman
Maighdiln,Donativo
Farrel,Tewkesberrie
Dewain,Peacop
Jane,Tennewell
Anetta,Waple
Sonni,Malmar
Lorianne,Rowth
Violante,MacMoyer
Horatius,Bamsey
Banky,Mablestone
Wayland,Andrzejowski
Devy,Whodcoat
Jamil,Pershouse
Scarface,Cleevely
Lloyd,Pickering
Filide,Ainsworth
Patin,Bettanay
Dorothy,Gee
Ricardo,Udell
Inger,Jobke
Essa,Szymanowski
Andeee,Koppen
Brandise,Cadigan
Cherri,Purse
Adriaens,Muino
Stesha,Beechcraft
Phillip,Cockle
Forrester,Robken
Birk,Cressingham
Demetra,Crosier
Miquela,Jorg
Waylan,Gounin
Ingemar,Gliddon
Ted,Greenhill
Ravid,Polin
Suzette,Ends
Meier,Hughlin
Sophi,Ringwood
Ellary,Spores
Nerty,Cozins
Odo,Gerrill
Elenore,Hatherleigh
Warren,Greenwood
Thaddeus,Tight
Fenelia,Domniney
Loralee,Bettinson
Sammie,Bentham
Lettie,Lydford
Levin,Szwandt
Rowland,Claughton
Antoni,Dawks
Brandy,Rablan
Silvan,Apdell
Torrie,Santon
Marcelle,Seres
Stavro,Tommasuzzi
Pru,Jakovijevic
Stefano,Pavinese
Stillman,Sawdy
Perkin,Rolph
